{
	"format_version": "1.8.0",
	"animations": {
		"피했죠?": {
			"animation_length": 1.54167,
			"bones": {
				"body": {
					"position": {
						"0.0": [
							0,
							0,
							0
						],
						"0.01667": [
							-0.00913,
							0,
							-0.008056
						],
						"0.03333": [
							-0.035259,
							0,
							-0.031111
						],
						"0.05": [
							-0.0765,
							0,
							-0.0675
						],
						"0.06667": [
							-0.130963,
							0,
							-0.115556
						],
						"0.08333": [
							-0.196759,
							0,
							-0.173611
						],
						"0.1": [
							-0.272,
							0,
							-0.24
						],
						"0.11667": [
							-0.354796,
							0,
							-0.313056
						],
						"0.13333": [
							-0.443259,
							0,
							-0.391111
						],
						"0.15": [
							-0.5355,
							0,
							-0.4725
						],
						"0.16667": [
							-0.62963,
							0,
							-0.555556
						],
						"0.18333": [
							-0.723759,
							0,
							-0.638611
						],
						"0.2": [
							-0.816,
							0,
							-0.72
						],
						"0.21667": [
							-0.904463,
							0,
							-0.798056
						],
						"0.23333": [
							-0.987259,
							0,
							-0.871111
						],
						"0.25": [
							-1.0625,
							0,
							-0.9375
						],
						"0.26667": [
							-1.128296,
							0,
							-0.995556
						],
						"0.28333": [
							-1.182759,
							0,
							-1.043611
						],
						"0.3": [
							-1.224,
							0,
							-1.08
						],
						"0.31667": [
							-1.25013,
							0,
							-1.103056
						],
						"0.33333": [
							-1.259259,
							0,
							-1.111111
						],
						"0.35": [
							-1.2495,
							0,
							-1.1025
						],
						"0.36667": [
							-1.218963,
							0,
							-1.075556
						],
						"0.38333": [
							-1.165759,
							0,
							-1.028611
						],
						"0.4": [
							-1.088,
							0,
							-0.96
						],
						"0.41667": [
							-0.983796,
							0,
							-0.868056
						],
						"0.43333": [
							-0.851259,
							0,
							-0.751111
						],
						"0.45": [
							-0.6885,
							0,
							-0.6075
						],
						"0.46667": [
							-0.49363,
							0,
							-0.435556
						],
						"0.48333": [
							-0.264759,
							0,
							-0.233611
						],
						"0.5": [
							0,
							0,
							0
						],
						"0.51667": [
							6.391336,
							0,
							5.639414
						],
						"0.53333": [
							14.414934,
							0,
							12.719059
						],
						"0.55": [
							17.190891,
							0,
							15.159281
						],
						"0.56667": [
							17.582735,
							0,
							15.435506
						],
						"0.58333": [
							17.982087,
							0,
							15.658397
						],
						"0.6": [
							18.382099,
							0,
							15.831904
						],
						"0.61667": [
							18.775922,
							0,
							15.959979
						],
						"0.63333": [
							19.15671,
							0,
							16.046571
						],
						"0.65": [
							19.517615,
							0,
							16.095632
						],
						"0.66667": [
							19.851788,
							0,
							16.111111
						],
						"0.68333": [
							20.152383,
							0,
							16.09696
						],
						"0.7": [
							20.412551,
							0,
							16.05713
						],
						"0.71667": [
							20.625444,
							0,
							15.99557
						],
						"0.73333": [
							20.784216,
							0,
							15.916231
						],
						"0.75": [
							20.882017,
							0,
							15.823065
						],
						"0.76667": [
							20.912001,
							0,
							15.720021
						],
						"0.78333": [
							20.86732,
							0,
							15.611051
						],
						"0.8": [
							20.741126,
							0,
							15.500104
						],
						"0.81667": [
							20.526571,
							0,
							15.391132
						],
						"0.83333": [
							20.216807,
							0,
							15.288086
						],
						"0.85": [
							19.804987,
							0,
							15.194915
						],
						"0.86667": [
							19.284264,
							0,
							15.11557
						],
						"0.88333": [
							18.647788,
							0,
							15.054002
						],
						"0.9": [
							17.888713,
							0,
							15.014162
						],
						"0.91667": [
							17.000191,
							0,
							15.0
						],
						"0.93333": [
							0.832839,
							0,
							15
						],
						"0.95": [
							-19.466023,
							0,
							15
						],
						"0.96667": [
							-26.58942,
							0,
							15.013491
						],
						"0.98333": [
							-27.621256,
							0,
							15.114219
						],
						"1.0": [
							-28.466602,
							0,
							15.297413
						],
						"1.01667": [
							-29.136094,
							0,
							15.544044
						],
						"1.03333": [
							-29.640366,
							0,
							15.835078
						],
						"1.05": [
							-29.990055,
							0,
							16.151484
						],
						"1.06667": [
							-30.195796,
							0,
							16.474233
						],
						"1.08333": [
							-30.268223,
							0,
							16.784291
						],
						"1.1": [
							-30.217971,
							0,
							17.062627
						],
						"1.11667": [
							-30.055677,
							0,
							17.29021
						],
						"1.13333": [
							-29.791975,
							0,
							17.448009
						],
						"1.15": [
							-29.437501,
							0,
							17.516993
						],
						"1.16667": [
							-29.002889,
							0,
							17.478128
						],
						"1.18333": [
							-28.498774,
							0,
							17.312386
						],
						"1.2": [
							-27.935793,
							0,
							17.000733
						],
						"1.21667": [
							-27.32458,
							0,
							16.524139
						],
						"1.23333": [
							-26.675771,
							0,
							15.863572
						],
						"1.25": [
							-26,
							0,
							15
						],
						"1.26667": [
							-16.976937,
							0,
							2.217327
						],
						"1.28333": [
							-5.649505,
							0,
							-13.829868
						],
						"1.3": [
							-1.461048,
							0,
							-19.789425
						],
						"1.31667": [
							-0.7187,
							0,
							-21.02392
						],
						"1.33333": [
							-0.359394,
							0,
							-21.835876
						],
						"1.35": [
							-0.305121,
							0,
							-22.270297
						],
						"1.36667": [
							-0.47787,
							0,
							-22.372188
						],
						"1.38333": [
							-0.799632,
							0,
							-22.186556
						],
						"1.4": [
							-1.192399,
							0,
							-21.758405
						],
						"1.41667": [
							-1.578161,
							0,
							-21.132742
						],
						"1.43333": [
							-1.878908,
							0,
							-20.35457
						],
						"1.45": [
							-2.01663,
							0,
							-19.468896
						],
						"1.46667": [
							-1.695875,
							0,
							-16.110808
						],
						"1.48333": [
							-0.751922,
							0,
							-7.143258
						],
						"1.5": [
							0,
							0,
							0
						],
						"1.51667": [
							0,
							0,
							0
						],
						"1.53333": [
							0,
							0,
							0
						],
						"1.54167": [
							0,
							0,
							0
						]
					}
				}
			},
			"player_animation_library": {
				"name": "ender_warp",
				"description": "",
				"author": ""
			},
			"loop": true
		}
	},
	"geckolib_format_version": 2
}