{
	"format_version": "1.8.0",
	"animations": {
		"악수": {
			"animation_length": 1.25,
			"bones": {
				"right_arm": {
					"rotation": {
						"0.0": [
							0,
							0,
							0
						],
						"0.01667": [
							0,
							0,
							0
						],
						"0.03333": [
							0,
							0,
							0
						],
						"0.05": [
							0,
							0,
							0
						],
						"0.06667": [
							0,
							0,
							0
						],
						"0.08333": [
							0,
							0,
							0
						],
						"0.1": [
							0,
							0,
							0
						],
						"0.11667": [
							0,
							0,
							0
						],
						"0.13333": [
							0,
							0,
							0
						],
						"0.15": [
							0,
							0,
							0
						],
						"0.16667": [
							0,
							0,
							0
						],
						"0.18333": [
							0,
							0,
							0
						],
						"0.2": [
							0,
							0,
							0
						],
						"0.21667": [
							-2.11234,
							0,
							0
						],
						"0.23333": [
							-4.789666,
							0,
							0
						],
						"0.25": [
							-7.959105,
							0,
							0
						],
						"0.26667": [
							-11.547782,
							0,
							0
						],
						"0.28333": [
							-15.482825,
							0,
							0
						],
						"0.3": [
							-19.691358,
							0,
							0
						],
						"0.31667": [
							-24.100509,
							0,
							0
						],
						"0.33333": [
							-28.637403,
							0,
							0
						],
						"0.35": [
							-33.229167,
							0,
							0
						],
						"0.36667": [
							-37.802926,
							0,
							0
						],
						"0.38333": [
							-42.285808,
							0,
							0
						],
						"0.4": [
							-46.604938,
							0,
							0
						],
						"0.41667": [
							-50.687443,
							0,
							0
						],
						"0.43333": [
							-54.460448,
							0,
							0
						],
						"0.45": [
							-57.85108,
							0,
							0
						],
						"0.46667": [
							-60.786465,
							0,
							0
						],
						"0.48333": [
							-63.19373,
							0,
							0
						],
						"0.5": [
							-65,
							0,
							0
						],
						"0.51667": [
							-66.4,
							0,
							0
						],
						"0.53333": [
							-67.103704,
							0,
							0
						],
						"0.55": [
							-67.2,
							0,
							0
						],
						"0.56667": [
							-66.777778,
							0,
							0
						],
						"0.58333": [
							-65.925926,
							0,
							0
						],
						"0.6": [
							-64.733333,
							0,
							0
						],
						"0.61667": [
							-63.288889,
							0,
							0
						],
						"0.63333": [
							-61.681481,
							0,
							0
						],
						"0.65": [
							-60.0,
							0,
							0
						],
						"0.66667": [
							-58.333333,
							0,
							0
						],
						"0.68333": [
							-56.77037,
							0,
							0
						],
						"0.7": [
							-55.4,
							0,
							0
						],
						"0.71667": [
							-54.311111,
							0,
							0
						],
						"0.73333": [
							-53.592593,
							0,
							0
						],
						"0.75": [
							-53.333333,
							0,
							0
						],
						"0.76667": [
							-53.592593,
							0,
							0
						],
						"0.78333": [
							-54.311111,
							0,
							0
						],
						"0.8": [
							-55.4,
							0,
							0
						],
						"0.81667": [
							-56.77037,
							0,
							0
						],
						"0.83333": [
							-58.333333,
							0,
							0
						],
						"0.85": [
							-60.0,
							0,
							0
						],
						"0.86667": [
							-61.681481,
							0,
							0
						],
						"0.88333": [
							-63.288889,
							0,
							0
						],
						"0.9": [
							-64.733333,
							0,
							0
						],
						"0.91667": [
							-65.925926,
							0,
							0
						],
						"0.93333": [
							-66.777778,
							0,
							0
						],
						"0.95": [
							-67.2,
							0,
							0
						],
						"0.96667": [
							-67.103704,
							0,
							0
						],
						"0.98333": [
							-66.4,
							0,
							0
						],
						"1.0": [
							-65.0,
							0,
							0
						],
						"1.01667": [
							-62.758025,
							0,
							0
						],
						"1.03333": [
							-59.671605,
							0,
							0
						],
						"1.05": [
							-55.866667,
							0,
							0
						],
						"1.06667": [
							-51.469136,
							0,
							0
						],
						"1.08333": [
							-46.604938,
							0,
							0
						],
						"1.1": [
							-41.4,
							0,
							0
						],
						"1.11667": [
							-35.980247,
							0,
							0
						],
						"1.13333": [
							-30.471605,
							0,
							0
						],
						"1.15": [
							-25.0,
							0,
							0
						],
						"1.16667": [
							-19.691358,
							0,
							0
						],
						"1.18333": [
							-14.671605,
							0,
							0
						],
						"1.2": [
							-10.066667,
							0,
							0
						],
						"1.21667": [
							-6.002469,
							0,
							0
						],
						"1.23333": [
							-2.604938,
							0,
							0
						],
						"1.25": [
							0,
							0,
							0
						]
					}
				},
				"right_item": {
					"rotation": {
						"0.0": [
							0,
							0,
							0
						],
						"0.01667": [
							0,
							0,
							0
						],
						"0.03333": [
							0,
							0,
							0
						],
						"0.05": [
							0,
							0,
							0
						],
						"0.06667": [
							0,
							0,
							0
						],
						"0.08333": [
							0,
							0,
							0
						],
						"0.1": [
							0,
							0,
							0
						],
						"0.11667": [
							0,
							0,
							0
						],
						"0.13333": [
							0,
							0,
							0
						],
						"0.15": [
							0,
							0,
							0
						],
						"0.16667": [
							0,
							0,
							0
						],
						"0.18333": [
							0,
							0,
							0
						],
						"0.2": [
							0,
							0,
							0
						],
						"0.21667": [
							-2.11234,
							0,
							0
						],
						"0.23333": [
							-4.789666,
							0,
							0
						],
						"0.25": [
							-7.959105,
							0,
							0
						],
						"0.26667": [
							-11.547782,
							0,
							0
						],
						"0.28333": [
							-15.482825,
							0,
							0
						],
						"0.3": [
							-19.691358,
							0,
							0
						],
						"0.31667": [
							-24.100509,
							0,
							0
						],
						"0.33333": [
							-28.637403,
							0,
							0
						],
						"0.35": [
							-33.229167,
							0,
							0
						],
						"0.36667": [
							-37.802926,
							0,
							0
						],
						"0.38333": [
							-42.285808,
							0,
							0
						],
						"0.4": [
							-46.604938,
							0,
							0
						],
						"0.41667": [
							-50.687443,
							0,
							0
						],
						"0.43333": [
							-54.460448,
							0,
							0
						],
						"0.45": [
							-57.85108,
							0,
							0
						],
						"0.46667": [
							-60.786465,
							0,
							0
						],
						"0.48333": [
							-63.19373,
							0,
							0
						],
						"0.5": [
							-65,
							0,
							0
						],
						"0.51667": [
							-66.4,
							0,
							0
						],
						"0.53333": [
							-67.103704,
							0,
							0
						],
						"0.55": [
							-67.2,
							0,
							0
						],
						"0.56667": [
							-66.777778,
							0,
							0
						],
						"0.58333": [
							-65.925926,
							0,
							0
						],
						"0.6": [
							-64.733333,
							0,
							0
						],
						"0.61667": [
							-63.288889,
							0,
							0
						],
						"0.63333": [
							-61.681481,
							0,
							0
						],
						"0.65": [
							-60.0,
							0,
							0
						],
						"0.66667": [
							-58.333333,
							0,
							0
						],
						"0.68333": [
							-56.77037,
							0,
							0
						],
						"0.7": [
							-55.4,
							0,
							0
						],
						"0.71667": [
							-54.311111,
							0,
							0
						],
						"0.73333": [
							-53.592593,
							0,
							0
						],
						"0.75": [
							-53.333333,
							0,
							0
						],
						"0.76667": [
							-53.592593,
							0,
							0
						],
						"0.78333": [
							-54.311111,
							0,
							0
						],
						"0.8": [
							-55.4,
							0,
							0
						],
						"0.81667": [
							-56.77037,
							0,
							0
						],