{
	"format_version": "1.8.0",
	"animations": {
		"디지몬 진화": {
			"animation_length": 1.0,
			"bones": {
				"body": {
					"rotation": {
						"0.0": [
							0,
							0,
							0
						],
						"0.01667": [
							0,
							-3.148333,
							0
						],
						"0.03333": [
							0,
							-6.586667,
							0
						],
						"0.05": [
							0,
							-10.305,
							0
						],
						"0.06667": [
							0,
							-14.293333,
							0
						],
						"0.08333": [
							0,
							-18.541667,
							0
						],
						"0.1": [
							0,
							-23.04,
							0
						],
						"0.11667": [
							0,
							-27.778333,
							0
						],
						"0.13333": [
							0,
							-32.746667,
							0
						],
						"0.15": [
							0,
							-37.935,
							0
						],
						"0.16667": [
							0,
							-43.333333,
							0
						],
						"0.18333": [
							0,
							-48.931667,
							0
						],
						"0.2": [
							0,
							-54.72,
							0
						],
						"0.21667": [
							0,
							-60.688333,
							0
						],
						"0.23333": [
							0,
							-66.826667,
							0
						],
						"0.25": [
							0,
							-73.125,
							0
						],
						"0.26667": [
							0,
							-79.573333,
							0
						],
						"0.28333": [
							0,
							-86.161667,
							0
						],
						"0.3": [
							180,
							-87.12,
							-180
						],
						"0.31667": [
							180,
							-80.281667,
							-180
						],
						"0.33333": [
							180,
							-73.333333,
							-180
						],
						"0.35": [
							180,
							-66.285,
							-180
						],
						"0.36667": [
							180,
							-59.146667,
							-180
						],
						"0.38333": [
							180,
							-51.928333,
							-180
						],
						"0.4": [
							180,
							-44.64,
							-180
						],
						"0.41667": [
							180,
							-37.291667,
							-180
						],
						"0.43333": [
							180,
							-29.893333,
							-180
						],
						"0.45": [
							180,
							-22.455,
							-180
						],
						"0.46667": [
							180,
							-14.986667,
							-180
						],
						"0.48333": [
							180,
							-7.498333,
							-180
						],
						"0.5": [
							180,
							0,
							-180
						],
						"0.51667": [
							180,
							7.498333,
							-180
						],
						"0.53333": [
							180,
							14.986667,
							-180
						],
						"0.55": [
							180,
							22.455,
							-180
						],
						"0.56667": [
							180,
							29.893333,
							-180
						],
						"0.58333": [
							180,
							37.291667,
							-180
						],
						"0.6": [
							180,
							44.64,
							-180
						],
						"0.61667": [
							180,
							51.928333,
							-180
						],
						"0.63333": [
							180,
							59.146667,
							-180
						],
						"0.65": [
							180,
							66.285,
							-180
						],
						"0.66667": [
							180,
							73.333333,
							-180
						],
						"0.68333": [
							180,
							80.281667,
							-180
						],
						"0.7": [
							180,
							87.12,
							-180
						],
						"0.71667": [
							0,
							86.161667,
							0
						],
						"0.73333": [
							0,
							79.573333,
							0
						],
						"0.75": [
							0,
							73.125,
							0
						],
						"0.76667": [
							0,
							66.826667,
							0
						],
						"0.78333": [
							0,
							60.688333,
							0
						],
						"0.8": [
							0,
							54.72,
							0
						],
						"0.81667": [
							0,
							48.931667,
							0
						],
						"0.83333": [
							0,
							43.333333,
							0
						],
						"0.85": [
							0,
							37.935,
							0
						],
						"0.86667": [
							0,
							32.746667,
							0
						],
						"0.88333": [
							0,
							27.778333,
							0
						],
						"0.9": [
							0,
							23.04,
							0
						],
						"0.91667": [
							0,
							18.541667,
							0
						],
						"0.93333": [
							0,
							14.293333,
							0
						],
						"0.95": [
							0,
							10.305,
							0
						],
						"0.96667": [
							0,
							6.586667,
							0
						],
						"0.98333": [
							0,
							3.148333,
							0
						],
						"1.0": [
							0,
							0,
							0
						]
					},
					"position": {
						"0.0": [
							0,
							0,
							0
						],
						"0.01667": [
							0,
							0.037667,
							0
						],
						"0.03333": [
							0,
							0.083556,
							0
						],
						"0.05": [
							0,
							0.137,
							0
						],
						"0.06667": [
							0,
							0.197333,
							0
						],
						"0.08333": [
							0,
							0.263889,
							0
						],
						"0.1": [
							0,
							0.336,
							0
						],
						"0.11667": [
							0,
							0.413,
							0
						],
						"0.13333": [
							0,
							0.494222,
							0
						],
						"0.15": [
							0,
							0.579,
							0
						],
						"0.16667": [
							0,
							0.666667,
							0
						],
						"0.18333": [
							0,
							0.756556,
							0
						],
						"0.2": [
							0,
							0.848,
							0
						],
						"0.21667": [
							0,
							0.940333,
							0
						],
						"0.23333": [
							0,
							1.032889,
							0
						],
						"0.25": [
							0,
							1.125,
							0
						],
						"0.26667": [
							0,
							1.216,
							0
						],
						"0.28333": [
							0,
							1.305222,
							0
						],
						"0.3": [
							0,
							1.392,
							0
						],
						"0.31667": [
							0,
							1.475667,
							0
						],
						"0.33333": [
							0,
							1.555556,
							0
						],
						"0.35": [
							0,
							1.631,
							0
						],
						"0.36667": [
							0,
							1.701333,
							0
						],
						"0.38333": [
							0,
							1.765889,
							0
						],
						"0.4": [
							0,
							1.824,
							0
						],
						"0.41667": [
							0,
							1.875,
							0
						],
						"0.43333": [
							0,
							1.918222,
							0
						],
						"0.45": [
							0,
							1.953,
							0
						],
						"0.46667": [
							0,
							1.978667,
							0
						],
						"0.48333": [
							0,
							1.994556,
							0
						],
						"0.5": [
							0,
							2,
							0
						],
						"0.51667": [
							0,
							1.994556,
							0
						],
						"0.53333": [
							0,
							1.978667,
							0
						],
						"0.55": [
							0,
							1.953,
							0
						],
						"0.56667": [
							0,
							1.918222,
							0
						],
						"0.58333": [
							0,
							1.875,
							0
						],
						"0.6": [
							0,
							1.824,
							0
						],
						"0.61667": [
							0,
							1.765889,
							0
						],
						"0.63333": [
							0,
							1.701333,
							0
						],
						"0.65": [
							0,
							1.631,
							0
						],
						"0.66667": [
							0,
							1.555556,
							0
						],
						"0.68333": [
							0,
							1.475667,
							0
						],
						"0.7": [
							0,
							1.392,
							0
						],
						"0.71667": [
							0,
							1.305222,
							0
						],
						"0.73333": [
							0,
							1.216,
							0
						],
						"0.75": [
							0,
							1.125,
							0
						],
						"0.76667": [
							0,
							1.032889,
							0
						],
						"0.78333": [
							0,
							0.940333,
							0
						],
						"0.8": [
							0,
							0.848,
							0
						],
						"0.81667": [
							0,
							0.756556,
							0
						],
						"0.83333": [
							0,
							0.666667,
							0
						],
						"0.85": [
							0,
							0.579,
							0
						],
						"0.86667": [
							0,
							0.494222,
							0
						],
						"0.88333": [
							0,
							0.413,
							0
						],
						"0.9": [
							0,
							0.336,
							0
						],
						"0.91667": [
							0,
							0.263889,
							0
						],
						"0.93333": [
							0,
							0.197333,
							0
						],
						"0.95": [
							0,
							0.137,
							0
						],
						"0.96667": [
							0,
							0.083556,
							0
						],
						"0.98333": [
							0,
							0.037667,
							0
						],
						"1.0": [
							0,
							0,
							0
						]
					}
				}
			},
			"player_animation_library": {
				"name": "o_i_i_a",
				"description": "",
				"author": ""
			}
		}
	},